{"USDCUSDT": {"time": 1770973074.0519452, "score": 78}, "BARUSDT": {"time": 1770973077.0409136, "score": 78}}